{
  "gnss-to-lidar-top": {
    "param_type": "extrinsic",
    "sensor_name": "gnss",
    "target_sensor_name": "lidar-top",
    "param": {
      "sensor_calib": {
        "data": [
          [0.99984985991836384, 0.010895483766964593, -0.013473902727568904, 0.058511162627460644],
					[-0.010941722520361075, 0.99993448305563903, -0.0033627822616741736, -0.0095336307256180045],
					[0.013436380819089676, 0.003509705078182249, 0.99990356817082537, -0.1692600078627384 ],
					[0.0, 0.0,  0.0, 1.0]
        ],
        "data_utm": [
          [ 0.999524, 0.0276055, -0.0137793, 0.0583291 ],
          [ -0.0276619, 0.99961, -0.00391558, -0.00918753 ],
          [ 0.0136659, 0.00429488, 0.999897, -0.16925 ],
          [ 0.0, 0.0, 0.0, 1.0 ]
        ],
        "data_ecef": [
          [0.99984985991836384, 0.010895483766964593, -0.013473902727568904, 0.058511162627460644],
					[-0.010941722520361075, 0.99993448305563903, -0.0033627822616741736, -0.0095336307256180045],
					[0.013436380819089676, 0.003509705078182249, 0.99990356817082537, -0.1692600078627384 ],
					[0.0, 0.0,  0.0, 1.0]
        ],
        "continuous": true,
        "rows": 4,
        "cols": 4,
        "type": 6
      }
    }
  }
}