{
  "camera-back": {
    "param_type": "intrinsic",
    "sensor_name": "camera-back",
    "param": {
      "width": 1920,
      "height": 1280,
      "cam_matrix": {
        "data": [
          [ 2010.35, 0, 970.98 ],
          [ 0, 2010.43, 616.058 ],
          [ 0, 0, 1 ]
        ],
        "continuous": true,
        "rows": 3,
        "cols": 3,
        "type": 6
      },
      "cam_dist": {
        "data": [ 18.6957, 56.7147, 0.00019415, 0.00051564, 5.28714, 19.0767, 63.9991, 26.3679, 0, 0, 0, 0, 0, 0 ],
        "continuous": true,
        "rows": 1,
        "cols": 14,
        "type": 6
      }
    }
  },
  "camera-back-to-car": {
    "param_type": "extrinsic",
    "sensor_name": "camera-back",
    "target_sensor_name": "car",
    "param": {
      "sensor_calib": {
        "data": [
          [ -0.00506061, -0.0015896, -0.999986, -0.300849 ],
          [ 0.999987, -0.000720219, -0.00505947, -0.00161187 ],
          [ -0.000712166, -0.999998, 0.00159322, 1.50493 ],
          [ 0.0, 0.0, 0.0, 1.0 ]
        ],
        "continuous": true,
        "rows": 4,
        "cols": 4,
        "type": 6
      }
    }
  }
}